category,month,rainfall,predicted_price
vegetable,4,287.67857660247904,51.88392883012395
potatoes,8,199.66462104925915,26.48323105246296
vegetable,10,88.99863008405066,50.94993150420253
potatoes,11,266.5440364437338,25.827201822186687
corn,8,227.01814444901137,27.85090722245057
mangoes,5,292.4774630404986,103.12387315202493
corn,6,50.19469146025358,15.009734573012679
corn,5,204.37037740692912,22.718518870346458
apples,6,51.76657630492935,95.08832881524647
tomatoes,1,181.1936650645973,31.559683253229863
vegetable,10,61.66641580340386,49.58332079017019
corn,3,145.61549781679068,19.780774890839535
corn,9,61.61260317999943,19.580630158999973
potatoes,7,92.63103092182288,21.131551546091146
vegetable,2,287.2213843133333,51.86106921566667
corn,2,146.35412563497903,19.81770628174895
apples,5,107.72345640553725,97.88617282027687
corn,12,80.5095587111947,16.525477935559735
wheat,8,58.5971302788046,43.42985651394023
mangoes,1,114.69499540000423,118.2347497700002
corn,2,156.28896862281118,20.31444843114056
mangoes,10,191.92508195499786,146.0962540977499
wheat,2,243.78320584027864,44.68916029201393
apples,10,273.7068376069122,126.1853418803456
mangoes,8,192.61099360134986,146.1305496800675
corn,9,290.2930060873373,31.014650304366864
wheat,2,184.92303309726995,41.746151654863496
apples,9,120.23362742184518,118.51168137109227
corn,9,124.06837642602059,22.703418821301028
wheat,1,53.90910168529848,35.19545508426492
tomatoes,8,148.72037954389242,35.93601897719462
vegetable,11,99.71060102220129,42.48553005111006
potatoes,3,242.81758667148642,24.640879333574322
wheat,10,139.61643213606814,47.48082160680341
tomatoes,12,265.7758564688984,35.78879282344492
corn,2,73.85252912260283,16.192626456130142
vegetable,7,217.21031316590182,57.36051565829509
wheat,3,197.82444692693178,42.39122234634659
mangoes,11,190.31085646192528,122.01554282309627
potatoes,5,292.92802384727594,27.146401192363797
potatoes,1,230.4323802912183,24.021619014560915
vegetable,7,60.108397384607834,49.505419869230394
vegetable,10,56.3547816860238,49.31773908430119
wheat,3,57.857296421683564,35.39286482108418
vegetable,1,128.58899526908166,43.92944976345408
corn,5,112.32305728721873,18.116152864360938
wheat,11,100.76530618369235,37.53826530918462
wheat,7,122.43786322844201,46.6218931614221
mangoes,12,282.42441308564327,126.62122065428217
wheat,9,76.37356495756765,44.31867824787838
corn,12,104.6101093042084,17.73050546521042
corn,11,131.08625525131848,19.054312762565925
vegetable,12,139.07445951924373,44.45372297596219
mangoes,1,118.03306234615883,118.40165311730794
potatoes,9,254.50369148062327,29.225184574031164
tomatoes,3,51.738032632797676,40.08690163163988
potatoes,9,171.2074928397458,25.06037464198729
tomatoes,3,117.35308344963038,43.36765417248152
vegetable,11,130.80073300518882,44.04003665025944
tomatoes,4,140.90740059482349,44.54537002974117
tomatoes,10,290.6118237355278,43.03059118677639
mangoes,7,174.31212647309636,145.2156063236548
tomatoes,5,121.2101235943669,43.560506179718345
tomatoes,11,202.39108349497423,32.619554174748714
apples,12,62.86968781249734,85.64348439062486
wheat,1,208.58783617534095,42.92939180876705
mangoes,2,182.7336458292841,121.63668229146421
apples,6,110.5138178778751,98.02569089389375
corn,7,240.4049038321794,28.52024519160897
potatoes,1,232.05408715296488,24.102704357648243
wheat,4,295.8557852237107,47.29278926118553
mangoes,11,254.10796830484597,125.2053984152423
tomatoes,9,130.19501624293395,35.0097508121467
mangoes,3,197.72323579706045,98.38616178985302
potatoes,4,54.14695723196404,15.207347861598201
potatoes,3,137.16649682293234,19.35832484114662
vegetable,4,285.130816122401,51.75654080612005
vegetable,2,259.427526476832,50.471376323841596
potatoes,12,233.80402981019304,24.19020149050965
apples,7,185.36199345689147,121.76809967284457
apples,3,107.13750544932492,97.85687527246624
apples,9,179.15897281775358,121.45794864088768
tomatoes,2,299.0634249394811,37.45317124697405
mangoes,12,189.5733634017744,121.97866817008872
potatoes,7,134.75744776217516,23.23787238810876
potatoes,3,231.48891971755984,24.074445985877993
potatoes,4,271.77160606627933,26.088580303313968
tomatoes,8,262.7321121918782,41.63660560959391
tomatoes,8,246.33516277848588,40.81675813892429
corn,3,143.07069164043577,19.653534582021788
tomatoes,3,293.41595918882933,52.170797959441465
apples,2,171.40343839655665,91.07017191982783
potatoes,9,93.98131316933635,21.199065658466818
corn,1,173.47342879585867,21.173671439792933
corn,8,212.40822476180367,27.120411238090185
vegetable,3,214.40322307508583,48.22016115375429
tomatoes,12,177.20351920969,31.3601759604845
mangoes,7,112.61545465139604,142.1307727325698
mangoes,6,294.72321456875227,103.23616072843761
potatoes,6,276.5246969296385,26.326234846481924
potatoes,2,137.51960192366892,19.375980096183447
tomatoes,12,217.23101491577492,33.36155074578875
tomatoes,5,107.54631706038882,42.87731585301944
potatoes,4,56.07899160786346,15.303949580393173
tomatoes,1,298.63762769933527,37.431881384966765
mangoes,5,270.87350556656475,102.04367527832824
corn,9,288.2679617559883,30.913398087799415
wheat,1,188.19124170887247,41.909562085443625
vegetable,3,295.08289592901144,52.254144796450575
corn,5,97.72775778758651,17.386387889379325
tomatoes,3,92.37318667152311,42.118659333576154
tomatoes,10,284.03869354019525,42.70193467700976
apples,3,192.51529252234124,102.12576462611706
apples,6,139.66169532404098,99.48308476620205
vegetable,11,123.82264710473468,43.69113235523673
apples,1,262.16744873116863,95.60837243655843
tomatoes,11,227.22774922752964,33.86138746137648
vegetable,10,252.3402888696284,59.11701444348142
potatoes,2,266.7680796450259,25.838403982251297
wheat,12,177.83559971523445,41.39177998576172
tomatoes,4,249.5737947416938,49.97868973708469
tomatoes,8,225.49171931442584,39.77458596572129
mangoes,12,271.65428723766496,126.08271436188325
vegetable,12,194.71622387688967,47.235811193844484
vegetable,6,132.038166868683,44.10190834343415
apples,6,197.7083151422527,102.38541575711264
mangoes,1,59.337047187303604,115.46685235936518
mangoes,6,184.27060679916386,97.7135303399582
wheat,1,256.96725094689714,45.348362547344855
corn,12,291.31295759769245,27.065647879884622
vegetable,4,260.5057687529953,50.52528843764976
corn,3,209.35747537455163,22.967873768727582
corn,2,179.07508707529882,21.453754353764943
mangoes,3,248.79654869217592,100.9398274346088
vegetable,3,159.74285517640902,45.487142758820454
vegetable,10,56.33768585386438,49.31688429269322
wheat,7,157.07861873502694,48.35393093675135
corn,5,64.5483988771109,15.727419943855544
apples,1,160.5880574327761,90.52940287163881
mangoes,6,228.6489806750156,99.93244903375079
wheat,5,209.5676484608376,42.97838242304188
wheat,7,214.2778321250417,51.21389160625208
wheat,6,232.50982914045463,44.12549145702273
potatoes,12,191.50930262351906,22.075465131175953
potatoes,5,80.04116195141054,16.502058097570526
wheat,12,61.50066050543819,35.57503302527191
tomatoes,4,93.83256747233463,42.19162837361673
apples,10,172.9039687792081,121.1451984389604
vegetable,4,93.3004674775038,42.16502337387519
mangoes,5,149.62618359934336,95.98130917996717
apples,6,208.77341271691094,102.93867063584554
apples,4,143.6531536566178,99.6826576828309
apples,3,175.7840646450219,101.2892032322511
tomatoes,8,214.67340790473625,39.233670395236814
corn,8,285.97290114018926,30.798645057009463
apples,1,266.79973338875095,95.83998666943755
potatoes,4,193.86854446896973,22.193427223448488
apples,3,210.82205461058828,103.04110273052942
tomatoes,3,255.15986893598884,50.257993446799446
corn,3,255.10671094281702,25.255335547140852
apples,11,98.94778369732411,87.44738918486621
wheat,12,75.19450034435667,36.25972501721783
apples,3,204.5634710844732,102.72817355422366
vegetable,1,213.93065884518555,48.196532942259275
wheat,10,220.40341724319742,51.52017086215987
mangoes,2,115.17363205897578,118.25868160294878
vegetable,4,223.22258967298484,48.66112948364924
apples,11,269.36800338176323,95.96840016908816
corn,9,250.87023259621213,29.043511629810606
tomatoes,4,94.35988594493071,42.217994297246534
tomatoes,8,251.708684816816,41.0854342408408
tomatoes,3,153.1544192278566,45.15772096139283
apples,1,244.1032401854992,94.70516200927496
vegetable,5,109.64921494758505,42.98246074737925
vegetable,7,238.6357185211706,58.43178592605853
tomatoes,1,183.58186838264086,31.679093419132045
corn,9,130.01240025765293,23.000620012882646
potatoes,3,147.30041968354078,19.86502098417704
corn,9,261.78578602389746,29.589289301194874
tomatoes,7,289.20022128161406,42.9600110640807
vegetable,4,193.35947203082154,47.16797360154108
vegetable,5,72.92603681462028,41.14630184073101
corn,9,188.4257630864502,25.92128815432251
wheat,4,286.54863572042257,46.82743178602113
tomatoes,7,72.80152576217259,32.14007628810863
apples,10,64.38969000416107,115.71948450020805
vegetable,10,160.38262534334424,54.51913126716721
vegetable,11,226.45787096967365,48.822893548483684
vegetable,12,222.00750254375976,48.60037512718799
apples,12,266.7171763277103,95.83585881638551
mangoes,7,156.52286876173528,144.32614343808677
apples,9,255.46501482258904,125.27325074112946
apples,2,70.33719516047495,86.01685975802374
wheat,6,296.6598946252939,47.33299473126469
wheat,1,270.0899921596042,46.00449960798021
tomatoes,7,296.50026595571774,43.32501329778589
corn,4,144.06489638272893,19.703244819136447
vegetable,3,244.2867289818592,49.71433644909296
mangoes,7,156.05550231174408,144.3027751155872
apples,3,77.79937057653784,96.3899685288269
potatoes,2,167.16516049853158,20.858258024926577
apples,4,79.70447906701799,96.4852239533509
wheat,9,236.0529142358245,52.30264571179122
potatoes,12,290.54313711863546,27.02715685593177
vegetable,12,121.42802157046518,43.57140107852326
tomatoes,6,159.083957901639,45.45419789508195
apples,12,294.4751671885677,97.22375835942839
wheat,5,60.85019582454319,35.54250979122716
wheat,11,279.7789288196649,46.48894644098324
corn,3,223.8527807766619,23.692639038833093
tomatoes,2,91.55385797731323,27.07769289886566
tomatoes,1,206.88952002101587,32.84447600105079
mangoes,3,275.28950262274725,102.26447513113736
tomatoes,11,120.24079739805758,28.51203986990288
mangoes,12,76.6890164839711,116.33445082419856
wheat,8,92.41997597389138,45.12099879869457
corn,10,147.06709599746804,23.8533547998734
corn,2,116.48448124105974,18.324224062052988
wheat,9,114.98746571356567,46.24937328567828
potatoes,6,58.078987777412614,15.403949388870629
tomatoes,1,152.80168021804656,30.140084010902328
wheat,12,117.73941062878247,38.386970531439125
wheat,3,255.63431073079224,45.281715536539615
apples,3,231.42987709708999,104.0714938548545
vegetable,9,154.56075907265472,54.228037953632736
mangoes,2,187.8969681360175,121.89484840680088
wheat,7,152.81377914634226,48.14068895731711
mangoes,1,170.09252046658867,121.00462602332944
vegetable,1,144.18474248448518,44.70923712422426
apples,9,292.4785994536508,127.12392997268255
potatoes,1,259.58217617778445,25.479108808889222
apples,9,153.7048755844163,120.18524377922081
tomatoes,5,64.09387416273178,40.70469370813659
mangoes,12,253.2252522825194,125.16126261412597
vegetable,5,299.15920926847633,52.45796046342382
wheat,7,242.24685379512763,52.61234268975638
wheat,10,262.4118476693529,53.620592383467645
tomatoes,5,162.6360338275234,45.63180169137617
mangoes,1,288.5127568146806,126.92563784073403
wheat,4,107.16070137586568,37.858035068793285
tomatoes,8,204.53206011447395,38.726603005723696
corn,8,55.54618550757541,19.27730927537877
apples,2,169.05267419725354,90.95263370986268
potatoes,11,126.94430994276236,18.84721549713812
tomatoes,6,291.99344135995574,52.09967206799779
mangoes,11,150.87071655309927,120.04353582765496
vegetable,7,238.78431391840476,58.43921569592024
wheat,2,251.26116687984046,45.063058343992026
vegetable,6,204.315928024323,47.71579640121615
apples,6,202.0219623854713,102.60109811927356
apples,11,72.75052276283257,86.13752613814162
apples,4,186.86157672477788,101.84307883623889
tomatoes,8,277.6178196008183,42.38089098004092
mangoes,7,180.9005690037528,145.54502845018763
tomatoes,5,249.1179439184693,49.95589719592347
apples,8,260.52285375467744,125.52614268773387
tomatoes,12,66.55899446296647,25.827949723148322
wheat,2,205.20142110552283,42.76007105527614
apples,11,194.9124836179346,92.24562418089673
potatoes,3,184.31585417851753,21.715792708925875
vegetable,7,196.19152648728843,56.30957632436442
potatoes,6,224.41689342423294,23.720844671211648
corn,8,224.12536655676973,27.706268327838487
tomatoes,3,268.5794012136043,50.928970060680214
potatoes,2,200.48384888524006,22.524192444262003
potatoes,3,255.4476592111123,25.272382960555614
apples,12,136.9048036206709,89.34524018103355
mangoes,5,187.17882730185215,97.8589413650926
wheat,9,138.99787106799653,47.449893553399825
mangoes,2,82.18709957491097,116.60935497874554
apples,11,59.828034960274735,85.49140174801374
tomatoes,9,221.94617927402075,39.59730896370104
mangoes,11,280.2181001329533,126.51090500664766
wheat,1,119.21941203680093,38.460970601840046
tomatoes,8,237.0649225959146,40.35324612979573
wheat,4,102.33733083417758,37.61686654170888
vegetable,8,171.13074629775534,55.05653731488777
apples,12,142.2284098924431,89.61142049462215
apples,10,59.170800722649474,115.45854003613248
potatoes,7,221.79137635083276,27.58956881754164
vegetable,11,183.0283713163289,46.65141856581644
wheat,2,161.85309170586365,40.59265458529318
potatoes,3,110.61762590868241,18.03088129543412
tomatoes,7,144.32104077615566,35.71605203880778
apples,7,130.51979139579458,119.02598956978973
vegetable,6,131.87433804447866,44.09371690222393
corn,9,272.6318201849737,30.131591009248687
corn,9,219.7755797861224,27.48877898930612
potatoes,9,174.61054973226433,25.230527486613216
vegetable,4,184.27663545463693,46.713831772731844
apples,8,196.63385866518976,122.33169293325949
corn,3,144.69315648782234,19.734657824391117
wheat,6,274.9118492862531,46.24559246431265
apples,11,139.02418147446156,89.45120907372308
wheat,6,201.4437048392218,42.57218524196109
tomatoes,5,75.44561815510093,41.27228090775505
mangoes,6,111.48943209612703,94.07447160480635
corn,11,71.97190613503597,16.098595306751797
mangoes,8,274.1913561566063,150.20956780783033
vegetable,3,181.12784739256367,46.556392369628185
wheat,4,299.3138836920986,47.46569418460493
mangoes,2,193.999604451415,122.19998022257074
potatoes,4,51.325001599401354,15.066250079970068
mangoes,1,172.6871948146961,121.13435974073481
mangoes,3,255.21536828833814,101.2607684144169
apples,11,192.90317236747495,92.14515861837374
potatoes,12,101.26939003736477,17.563469501868237
apples,6,227.73811970918706,103.88690598545935
corn,1,234.06179592462203,24.2030897962311
corn,1,202.65501061040814,22.632750530520408
mangoes,5,176.52598908983674,97.32629945449183
vegetable,4,130.16054803987856,44.00802740199393
potatoes,1,142.30762037747402,19.615381018873702
apples,5,65.84374261819194,95.7921871309096
corn,2,130.58846124368074,19.029423062184037
apples,4,113.66016369094096,98.18300818454705
wheat,9,240.05696497242164,52.502848248621085
potatoes,8,201.52547026395965,26.576273513197982
potatoes,1,262.68186500411366,25.634093250205684
corn,12,152.12957323397922,20.10647866169896
wheat,8,297.73236911434765,55.38661845571738
apples,12,144.8071462409501,89.74035731204751
tomatoes,8,230.3991376878193,40.019956884390965
corn,8,256.985221794373,29.34926108971865
wheat,12,90.91398571642613,37.04569928582131
wheat,5,253.64368005784553,45.18218400289228
potatoes,10,276.966532615629,30.34832663078145
tomatoes,10,148.11127685565884,35.90556384278294
vegetable,8,144.23610735622688,53.711805367811344
potatoes,6,184.94526547865826,21.747263273932912
vegetable,1,108.05317378670432,42.90265868933522
tomatoes,7,182.9643699220435,37.648218496102174
wheat,8,107.25634773119909,45.86281738655995
vegetable,3,157.88203578411066,45.394101789205536
potatoes,7,232.63728420232536,28.13186421011627
apples,4,248.506297317574,104.9253148658787
wheat,1,183.36527299408039,41.668263649704016
vegetable,11,247.14930280613268,49.85746514030664
mangoes,9,127.93051694888706,142.89652584744437
wheat,11,235.98657314316924,44.29932865715846
mangoes,4,192.47242121782912,98.12362106089145
apples,5,269.19140919043735,105.95957045952187
tomatoes,6,255.31432616800322,50.26571630840016
vegetable,4,164.2500548204196,45.71250274102098
corn,8,175.57208686563254,25.27860434328163
wheat,4,230.56314209826658,44.028157104913326
apples,11,210.28690822132432,93.01434541106622
potatoes,4,185.68111083689905,21.784055541844953
potatoes,11,136.42399837597986,19.321199918798992
potatoes,10,135.63106429463585,23.281553214731794
mangoes,8,155.89921560512073,144.29496078025605
apples,11,88.33785077902004,86.916892538951
wheat,8,176.4721697211165,49.323608486055825
tomatoes,1,54.52754595521013,25.226377297760507
corn,11,283.0295706209031,26.651478531045154
corn,4,247.52115928102168,24.876057964051085
wheat,8,212.84180274706154,51.14209013735308
tomatoes,12,143.6088424301055,29.680442121505276
tomatoes,6,69.33026637219682,40.96651331860984
mangoes,8,260.10990799510574,149.5054953997553
potatoes,7,80.70269546143345,20.535134773071672
wheat,5,91.38012759182244,37.06900637959112
corn,6,259.372697250623,25.46863486253115
tomatoes,6,179.70951428151804,46.4854757140759
vegetable,5,144.8264245963872,44.74132122981936
wheat,9,101.39495209390937,45.569747604695465
tomatoes,5,200.93038293253474,47.546519146626736
potatoes,4,184.3489007344807,21.717445036724037
potatoes,6,136.5864985914903,19.329324929574515
apples,11,234.3753120274371,94.21876560137186
tomatoes,11,58.21166756085959,25.41058337804298
potatoes,3,112.05661068928798,18.1028305344644
tomatoes,7,91.37832935699345,33.068916467849675
wheat,8,127.86829278318935,46.89341463915947
wheat,11,208.0660719798826,42.90330359899413
corn,2,215.88434300417765,23.294217150208883
vegetable,1,290.2675793673638,52.01337896836819
tomatoes,4,153.65603093175594,45.1828015465878
corn,8,175.54875258281064,25.277437629140532
tomatoes,7,156.69722633418735,36.334861316709365
potatoes,1,59.13741696202372,15.456870848101186
mangoes,8,196.86340105851858,146.34317005292593
tomatoes,3,163.3222086870069,45.666110434350344
apples,6,160.19068673455703,100.50953433672785
apples,6,241.33907026656016,104.566953513328
corn,1,133.59070282762053,19.179535141381027
vegetable,7,238.3115551868627,58.41557775934314
apples,10,274.3576024547211,126.21788012273605
apples,12,250.18744287153027,95.00937214357651
vegetable,12,259.94721486414267,50.49736074320713
vegetable,8,56.773998125870875,49.33869990629354
vegetable,3,107.76869914701786,42.888434957350896
potatoes,8,76.02714549614346,20.301357274807174
vegetable,5,94.6361655135834,42.23180827567917
tomatoes,12,109.54569526168163,27.977284763084082
apples,3,110.79304774986352,98.03965238749318
mangoes,8,251.7125372406465,149.0856268620323
corn,4,217.02128414266153,23.351064207133078
wheat,7,274.08395463027995,54.204197731514
vegetable,10,71.37713271361702,50.06885663568085
vegetable,5,56.63305096845493,40.331652548422745
wheat,3,195.76039024242306,42.28801951212115
corn,2,273.1679277692437,26.158396388462187
vegetable,5,135.454337924469,44.27271689622345
apples,2,140.76480304877262,89.53824015243863
vegetable,12,257.6636266413124,50.38318133206562
wheat,6,243.45863080033507,44.672931540016755
tomatoes,2,265.2670049936804,35.763350249684024
potatoes,4,293.63681629971745,27.181840814985872
corn,8,78.55948148009921,20.42797407400496
mangoes,8,296.34182806043367,151.3170914030217
vegetable,1,171.19459178758655,46.05972958937933
tomatoes,9,185.40855366521674,37.770427683260834
wheat,9,114.47192135830058,46.223596067915025
mangoes,6,258.7325591998248,101.43662795999124
corn,10,181.42254557567145,25.57112727878357
wheat,2,118.07683162984223,38.40384158149211
potatoes,6,278.5747016401248,26.428735082006238
wheat,10,194.1291188785634,50.20645594392817
mangoes,2,188.54450062894836,121.92722503144742
tomatoes,6,257.4354509268004,50.37177254634002
vegetable,5,52.74895716462012,40.137447858231006
wheat,11,275.00466046202627,46.250233023101316
mangoes,11,199.35327554257708,122.46766377712885
corn,9,173.56846253456786,25.178423126728394
apples,1,154.69263122301828,90.23463156115092
corn,10,155.50901488767184,24.27545074438359
apples,12,289.6567943283051,96.98283971641526
tomatoes,3,72.58424014440197,41.1292120072201
potatoes,10,67.0624263385229,19.853121316926146
potatoes,8,159.29834908931088,24.464917454465542
corn,1,230.3832152804764,24.01916076402382
potatoes,6,169.0126005497749,20.950630027488746
vegetable,8,284.2074348311895,60.71037174155948
wheat,8,103.7350946476892,45.68675473238446
corn,4,90.50346947289616,17.025173473644806
corn,11,261.60196232863933,25.580098116431966
potatoes,11,133.5609727042402,19.17804863521201
apples,2,76.64956328344294,86.33247816417214
tomatoes,8,232.04718905090084,40.102359452545045
tomatoes,11,199.57151456703866,32.478575728351935
tomatoes,7,68.98335259240552,31.949167629620277
apples,5,50.584847656444566,95.02924238282223
potatoes,6,197.5576667172718,22.37788333586359
potatoes,5,72.89551833165854,16.144775916582926
potatoes,1,84.20465772974035,16.710232886487017
apples,9,161.50144323948894,120.57507216197445
vegetable,12,185.47523684458955,46.773761842229476
potatoes,8,209.73734633356545,26.98686731667827
tomatoes,7,231.02583231828464,40.05129161591423
mangoes,8,112.41700221479648,142.12085011073984
tomatoes,12,105.30236045490055,27.76511802274503
apples,9,286.0148349216533,126.80074174608266
vegetable,10,197.06593924248276,56.35329696212414
tomatoes,7,188.9516453592949,37.94758226796475
mangoes,10,128.2137141263969,142.91068570631984
vegetable,5,232.7559178645704,49.13779589322852
potatoes,8,292.7645612913419,31.138228064567095
vegetable,2,236.2661370300551,49.31330685150275
corn,7,163.78592125903901,24.68929606295195
potatoes,10,211.13666265645554,27.056833132822778
mangoes,8,107.50220932192576,141.8751104660963
corn,2,271.24958913082025,26.062479456541013
potatoes,8,160.2580404370404,24.51290202185202
vegetable,12,193.10693985836642,47.15534699291832
tomatoes,4,247.68079120974087,49.88403956048705
tomatoes,2,180.04202746968298,31.502101373484148
wheat,10,269.1663444656124,53.958317223280616
apples,7,165.4857126438969,120.77428563219485
apples,11,268.67541817104984,95.93377090855249
wheat,2,284.76692462822405,46.7383462314112
potatoes,11,299.48352763333435,27.474176381666716
corn,1,150.48272840231053,20.024136420115525
wheat,12,206.87636580459252,42.84381829022963
corn,9,242.06835346612954,28.603417673306478
tomatoes,7,180.62979790863076,37.53148989543154
tomatoes,1,77.61852828284866,26.380926414142433
mangoes,8,121.80974791352044,142.59048739567604
corn,2,108.40193776247749,17.920096888123876
tomatoes,1,277.5847755143836,36.37923877571918
vegetable,9,77.36689966977879,50.36834498348894
tomatoes,8,81.10938932421409,32.5554694662107
potatoes,10,249.49733053584583,28.97486652679229
wheat,11,197.13855724331134,42.35692786216557
vegetable,8,271.04974453287576,60.05248722664379
potatoes,2,91.7584865230188,17.08792432615094
corn,4,107.91792534586085,17.895896267293043
corn,6,201.93419871971477,22.59670993598574
wheat,10,61.73633928695325,43.58681696434766
tomatoes,10,59.18298435665341,31.45914921783267
apples,3,256.55142394849145,105.32757119742458
wheat,5,207.44448074903826,42.872224037451915
vegetable,1,179.56509166909805,46.478254583454905
corn,10,181.25787521506703,25.56289376075335
potatoes,10,178.81198107868147,25.440599053934072
apples,1,88.47397658496376,86.9236988292482
potatoes,6,205.73434573377966,22.786717286688983
wheat,9,198.23498371042578,50.41174918552129
mangoes,5,72.87170934943872,92.14358546747194
tomatoes,8,116.40001064717652,34.320000532358826
corn,9,61.094165883309195,19.554708294165458
apples,12,58.855592104636266,85.4427796052318
vegetable,8,282.89737207974747,60.644868603987376
potatoes,11,120.34774014438169,18.517387007219085
corn,6,114.93844594008155,18.246922297004076
wheat,10,183.1506298501905,49.65753149250953
wheat,12,77.36721501361347,36.36836075068067
corn,5,297.86883378626203,27.3934416893131
apples,8,270.72656728436533,126.03632836421826
mangoes,3,256.1702414812873,101.30851207406437
apples,8,191.43299099894776,122.07164954994738
wheat,1,269.6574965887895,45.982874829439474
potatoes,8,111.32138306383364,22.06606915319168
potatoes,11,90.10002633251803,17.0050013166259
wheat,11,109.67250782525439,37.98362539126272
wheat,10,76.458523457146,44.3229261728573
potatoes,6,97.30538494625148,17.365269247312575
wheat,11,290.32882204622683,47.01644110231134
tomatoes,3,269.7678700570329,50.98839350285164
apples,10,254.98672935202504,125.24933646760125
wheat,7,90.18997401207704,45.00949870060385
corn,2,258.0335444894355,25.401677224471776
wheat,12,51.596467929208394,35.07982339646042
wheat,11,295.29654450685587,47.26482722534279
tomatoes,8,114.95089526603995,34.247544763301995
corn,8,254.66985512496043,29.233492756248022
mangoes,3,240.256975625507,100.51284878127535
apples,9,290.74800096474866,127.03740004823743
vegetable,12,208.15547328348703,47.90777366417435
mangoes,5,75.62743199766982,92.28137159988349
corn,4,221.97143057520333,23.598571528760168
apples,4,125.24089173670406,98.7620445868352
tomatoes,12,66.83765036719292,25.841882518359647
apples,6,136.47076423823918,99.32353821191197
apples,8,61.435508453128215,115.57177542265642
apples,12,237.41295793573119,94.37064789678656
potatoes,4,239.56579898225564,24.47828994911278
vegetable,11,255.37823685186024,50.26891184259301
vegetable,3,113.12718742209556,43.15635937110478
vegetable,10,89.73457081918913,50.986728540959454
apples,4,156.54532555899323,100.32726627794966
wheat,9,90.9059552979173,45.045297764895864
vegetable,11,105.1924031971901,42.75962015985951
apples,4,213.62780357028382,103.18139017851419
potatoes,3,287.71589056260257,26.885794528130127
corn,8,158.0837002606505,24.404185013032524
wheat,5,209.63148691602137,42.98157434580107
mangoes,3,118.5538005871675,94.42769002935837
potatoes,11,152.33350157876075,20.116675078938037
corn,6,107.48865147277155,17.87443257363858
wheat,3,57.78352072112784,35.38917603605639
tomatoes,8,142.13158593094028,35.60657929654701
vegetable,12,168.3024766728893,45.915123833644465
corn,9,267.1557919889027,29.857789599445134
wheat,8,242.730461161013,52.63652305805065
mangoes,2,240.25599773574973,124.51279988678749
potatoes,12,58.13154487281298,15.406577243640648
corn,10,204.1625786301845,26.708128931509226
mangoes,9,50.307958791606474,139.0153979395803
vegetable,1,201.8266120656678,47.59133060328339
corn,4,189.6031681457995,21.980158407289974
tomatoes,12,66.05223426878352,25.802611713439177
mangoes,5,117.24835110877441,94.36241755543873
potatoes,1,52.905134977025156,15.145256748851256
apples,2,169.98470867928089,90.99923543396405
vegetable,6,122.91564467732582,43.64578223386629
wheat,9,265.03059929730114,53.75152996486506
mangoes,9,59.90470633708929,139.49523531685446
mangoes,3,76.23254460454372,92.31162723022719
tomatoes,12,296.6656483167866,37.33328241583933
vegetable,6,204.53893357952978,47.72694667897649
corn,1,189.91217087172853,21.995608543586428
apples,12,68.10406803658537,85.90520340182927
tomatoes,1,270.6333714549,36.031668572745
mangoes,1,256.12851172420847,125.30642558621042
apples,6,130.52367555483383,99.02618377774169
mangoes,7,100.21477246557355,141.51073862327868
apples,2,255.36018200246662,95.26800910012334
apples,7,217.59636458860305,123.37981822943016
potatoes,3,274.0553256712596,26.20276628356298
tomatoes,6,204.1511454656185,47.707557273280926
vegetable,9,227.2651298627291,57.863256493136454
apples,12,250.43202076744797,95.0216010383724
mangoes,11,171.09961189351014,121.05498059467551
potatoes,4,188.25036314798962,21.912518157399482
mangoes,10,245.9581383547155,148.7979069177358
vegetable,3,60.18852652311819,40.50942632615591
corn,10,159.6518041223846,24.48259020611923
apples,6,198.31966207754468,102.41598310387724
corn,9,267.9458916480504,29.89729458240252
apples,3,293.96631395478283,107.19831569773915
corn,8,267.9581947432803,29.897909737164014
wheat,7,60.9154144268403,43.545770721342016
corn,2,55.21528482288453,15.260764241144226
potatoes,6,133.07865633877722,19.153932816938863
tomatoes,11,212.58142158673422,33.12907107933671
apples,3,220.05706060782282,103.50285303039114
wheat,6,57.663125551451515,35.383156277572574
tomatoes,7,165.6557391848291,36.782786959241456
mangoes,5,231.792267441577,100.08961337207884
wheat,8,156.37333361201883,48.31866668060094
corn,12,142.75969074615068,19.637984537307535
corn,12,60.02729785312062,15.501364892656031
tomatoes,3,194.66885214309835,47.23344260715492
corn,10,231.3144151037841,28.065720755189204
corn,2,199.43089131396607,22.471544565698302
corn,6,213.75233470802715,23.187616735401356
potatoes,3,120.96363215216125,18.54818160760806
wheat,12,145.96178796694906,39.79808939834745
apples,8,258.99951594530233,125.44997579726511
tomatoes,3,244.00005175885738,49.70000258794287
corn,7,208.13513330657653,26.906756665328828
mangoes,2,95.24423817737244,117.26221190886862
wheat,6,173.0694641120087,41.153473205600434
mangoes,6,267.68747531812784,101.88437376590639
vegetable,8,194.8537248358752,56.24268624179376
corn,2,73.81537698865657,16.19076884943283
tomatoes,11,128.03701417411176,28.901850708705588
corn,2,264.49656348067646,25.724828174033824
wheat,1,243.36828142165015,44.66841407108251
corn,7,163.44738534590982,24.67236926729549
potatoes,10,68.37418683250317,19.91870934162516
mangoes,10,162.19439345785077,144.60971967289254
corn,9,157.7218809154515,24.386094045772573
corn,8,204.2862466510075,26.714312332550374
tomatoes,9,91.76047697523747,33.08802384876187
corn,12,59.16785673338574,15.458392836669287
wheat,5,183.3779813249239,41.6688990662462
tomatoes,1,226.34639852805088,33.81731992640255
corn,6,101.46030250919206,17.5730151254596
wheat,4,117.4374028792474,38.37187014396237
apples,9,182.79238200025802,121.63961910001291
corn,10,59.835885167127415,19.49179425835637
vegetable,3,163.04975707085882,45.652487853542944
wheat,11,129.03902624418762,38.95195131220938
tomatoes,3,60.39321476259802,40.5196607381299
apples,4,296.6575307397117,107.33287653698558
potatoes,11,54.34494754636991,15.217247377318495
tomatoes,2,293.2744370175866,37.16372185087933
vegetable,8,178.89900714481257,55.44495035724063
apples,7,216.71606438652609,123.33580321932631
corn,7,57.49339746816949,19.374669873408475
wheat,4,226.17019068416167,43.808509534208085
apples,12,218.35810833122932,93.41790541656147
apples,5,73.47517894735459,96.17375894736773
wheat,6,267.03556359437636,45.85177817971882
mangoes,2,215.4080875927867,123.27040437963933
vegetable,10,143.57419178494817,53.67870958924741
mangoes,2,111.03682260559357,118.05184113027968
apples,8,266.1522089887592,125.80761044943796
tomatoes,12,78.27745476914326,26.41387273845716
tomatoes,4,219.12834644431163,48.45641732221558
potatoes,5,216.74287924772682,23.337143962386342
tomatoes,10,137.14341681049262,35.35717084052463
apples,2,201.2384806726352,92.56192403363175
vegetable,9,266.6096668819114,59.83048334409557
tomatoes,9,72.62042382176269,32.13102119108814
vegetable,9,77.27740794143743,50.36387039707187
apples,6,131.75829039080966,99.08791451954048
mangoes,3,251.96148548531465,101.09807427426573
apples,9,129.29892919134966,118.96494645956749
wheat,11,143.91806297043163,39.69590314852158
mangoes,6,212.26866469859826,99.11343323492991
wheat,1,141.61538371784948,39.58076918589247
vegetable,5,145.10492605819942,44.755246302909974
wheat,9,199.1213687463554,50.45606843731777
tomatoes,3,106.81740681578786,42.840870340789394
apples,11,200.86214834534448,92.54310741726722
mangoes,10,239.8360819807165,148.49180409903582
tomatoes,3,185.5909162449346,46.77954581224673
apples,6,278.5591289878675,106.42795644939338
wheat,10,77.22958546168286,44.36147927308414
wheat,2,181.6559493172399,41.582797465861994
vegetable,12,169.1738687602898,45.95869343801449
potatoes,7,253.24643467902337,29.162321733951167
apples,12,288.8809239887337,96.94404619943668
wheat,5,98.94449642088652,37.44722482104433
vegetable,5,274.50763723749674,51.22538186187484
tomatoes,4,281.75863619907665,51.58793180995383
vegetable,4,283.6090067013786,51.680450335068926
mangoes,3,75.35520711230413,92.26776035561521
wheat,4,114.19414193012699,38.20970709650635
corn,11,282.4014693554973,26.620073467774866
corn,3,195.23301331569942,22.26165066578497
apples,4,229.40894647715737,103.97044732385787
apples,1,294.18130966564473,97.20906548328223
apples,9,180.6202601290296,121.53101300645147
vegetable,12,95.35958692390673,42.26797934619534
wheat,7,123.81957230507751,46.690978615253876
tomatoes,10,96.30711163685241,33.315355581842624
corn,4,170.8864116799812,21.04432058399906
vegetable,6,187.55663553906544,46.87783177695327
wheat,10,78.0760861028048,44.40380430514024
wheat,7,209.4963014483244,50.97481507241622
wheat,6,198.3846422807868,42.41923211403934
apples,9,211.65147835571503,123.08257391778575
apples,9,259.96532571668007,125.498266285834
tomatoes,10,113.91124945231807,34.195562472615904
corn,2,232.98951689640865,24.149475844820433
corn,12,217.8561673826536,23.39280836913268
tomatoes,2,241.6640338001015,34.583201690005076
apples,1,155.9862032283255,90.29931016141627
wheat,1,234.21843623604553,44.21092181180228
apples,1,104.18495002269391,87.7092475011347
tomatoes,6,55.9096465115841,40.29548232557921
vegetable,3,201.77350902219519,47.58867545110976
potatoes,10,114.2209619114287,22.211048095571435
wheat,9,174.19171471479234,49.209585735739616
apples,3,199.2617292239229,102.46308646119614
apples,3,160.67924169488177,100.53396208474409
wheat,7,231.12921284965452,52.056460642482726
potatoes,7,135.27250611855513,23.263625305927757
mangoes,3,200.80485255334307,98.54024262766715
mangoes,10,276.38119808241845,150.31905990412093
wheat,4,71.41456239910764,36.07072811995538
tomatoes,4,97.96683117968573,42.398341558984285
tomatoes,11,135.89011869392598,29.2945059346963
vegetable,4,160.6024841201674,45.53012420600837
corn,2,217.40065403349047,23.370032701674525
corn,11,210.04205595704153,23.002102797852075
mangoes,8,212.71934226179854,147.13596711308992
mangoes,12,131.08343827884391,119.0541719139422
potatoes,6,217.37173879954753,23.368586939977376
vegetable,12,215.45979746234465,48.27298987311723
tomatoes,3,232.6626275598115,49.13313137799057
mangoes,4,65.03558565019631,91.75177928250982
corn,10,289.40632112634506,30.97031605631725
wheat,9,92.61948454347939,45.13097422717397
apples,9,255.4516109752717,125.27258054876359
corn,1,125.21327708831377,18.76066385441569
corn,3,281.79445486986316,26.58972274349316
wheat,7,149.82897895232705,47.991448947616355
mangoes,5,234.2950562518108,100.21475281259055
corn,1,260.5083235941053,25.525416179705267
wheat,4,205.89642200068994,42.7948211000345
apples,8,238.81760512420198,124.4408802562101
tomatoes,5,256.5169075631321,50.32584537815661
mangoes,4,227.1861744357441,99.8593087217872
mangoes,4,125.78208898633216,94.78910444931661
apples,2,145.2273813777468,89.76136906888735
apples,11,109.7638330493164,87.98819165246582
tomatoes,11,256.3215270582242,35.31607635291121
mangoes,7,285.5967547755583,150.77983773877793
apples,7,90.4410528380274,117.02205264190137
mangoes,11,193.64684557944165,122.18234227897209
corn,5,147.7606907645436,19.88803453822718
corn,1,79.09159947136902,16.45457997356845
apples,3,218.5759516022621,103.4287975801131
apples,6,85.31951231887645,96.76597561594382
vegetable,4,254.68375101856753,50.234187550928375
vegetable,5,55.72345624403006,40.2861728122015
potatoes,2,105.9036086240778,17.79518043120389
mangoes,4,193.26035723271232,98.16301786163561
apples,9,193.79083762415624,122.18954188120782
wheat,6,128.431922798524,38.9215961399262
vegetable,1,201.56323443774437,47.57816172188722
mangoes,4,175.6415191158606,97.28207595579303
tomatoes,6,86.59349804056228,41.82967490202812
wheat,2,67.0430773463734,35.85215386731867
apples,4,83.7915722887057,96.68957861443529
corn,12,244.18090761792317,24.709045380896157
corn,4,159.87792215822753,20.493896107911375
corn,6,50.08312653012235,15.004156326506116
potatoes,2,212.55027309953834,23.127513654976916
potatoes,3,191.11027266972062,22.05551363348603
apples,10,102.9388376663696,117.64694188331848
mangoes,11,238.56338608596576,124.4281693042983
vegetable,8,124.33876205920973,52.71693810296048
vegetable,3,92.6661896374996,42.13330948187498
wheat,9,245.6740101860373,52.783700509301866
mangoes,3,94.44159696281206,93.22207984814061
corn,1,177.35553203744743,21.36777660187237
vegetable,8,253.4925673765047,59.17462836882524
vegetable,12,126.56340519665292,43.828170259832646
corn,4,181.7603659779129,21.588018298895644
vegetable,2,82.67759418504987,41.6338797092525
corn,3,141.9398377193224,19.59699188596612
corn,6,256.8844738917186,25.344223694585928
wheat,6,290.95556887058774,47.04777844352939
vegetable,2,83.45093406987218,41.67254670349361
wheat,6,247.58443396503702,44.879221698251854
wheat,10,220.24370680956113,51.512185340478055
vegetable,5,103.80046800430938,42.690023400215466
wheat,10,110.30036439988537,46.01501821999427
wheat,5,250.3842779707474,45.01921389853737
wheat,4,142.8521419125352,39.64260709562676
tomatoes,12,211.522530865627,33.07612654328135
wheat,4,116.50481950134518,38.32524097506726
wheat,10,81.7999406718624,44.58999703359312
apples,4,110.8694921012168,98.04347460506084
apples,8,252.67148199656657,125.13357409982832
wheat,4,264.8913079117364,45.74456539558682
apples,5,289.0555476622371,106.95277738311185
tomatoes,9,75.53738241438452,32.276869120719226
tomatoes,9,222.03367652163553,39.601683826081775
corn,1,260.21789485648065,25.510894742824032
apples,12,245.29260594672982,94.7646302973365
corn,11,173.86302586524545,21.19315129326227
potatoes,6,209.16742054180182,22.95837102709009
vegetable,1,66.66301014017249,40.833150507008625
wheat,3,76.42336997656852,36.32116849882843
corn,1,160.81827186090456,20.54091359304523
wheat,8,71.1980040114508,44.05990020057254
potatoes,1,68.02108399966833,15.901054199983417
potatoes,8,58.89271675888709,19.444635837944354
corn,5,146.8988078706924,19.84494039353462
vegetable,4,137.42580743646238,44.37129037182312
vegetable,3,215.3426527676036,48.26713263838018
corn,3,93.52733383352108,17.176366691676055
wheat,5,215.07567992533453,43.253783996266726
apples,6,70.65441586481717,96.03272079324086
corn,1,123.86119436935506,18.693059718467754
tomatoes,9,145.484909913224,35.7742454956612
apples,3,80.34660453985161,96.51733022699258
mangoes,4,243.65844515944698,100.68292225797235
tomatoes,9,182.57553331228956,37.62877666561448
mangoes,2,130.55387586115708,119.02769379305785
corn,12,168.58402747655347,20.929201373827674
apples,6,171.50387574438497,101.07519378721925
vegetable,12,89.15960924345208,41.95798046217261
apples,1,282.02091008151245,96.60104550407563
vegetable,9,143.04175595937832,53.65208779796892
potatoes,12,147.16319965746175,19.858159982873087
apples,6,118.44782687852663,98.42239134392634
corn,5,218.99556889658885,23.44977844482944
potatoes,1,211.45270316380152,23.072635158190074
potatoes,10,253.9867347421543,29.199336737107714
vegetable,7,261.6285846725695,59.58142923362848
tomatoes,2,209.01769093245628,32.95088454662282
mangoes,5,294.59931970014895,103.22996598500745
mangoes,8,189.4533063777675,145.97266531888837
vegetable,12,63.46455174950653,40.673227587475324
mangoes,6,296.16743488112706,103.30837174405636
mangoes,12,60.793433949252915,115.53967169746265
apples,2,82.93219336364048,86.64660966818202
vegetable,4,254.44633246423626,50.22231662321181
vegetable,3,87.66902692746935,41.88345134637347
corn,6,185.55930137296207,21.777965068648104
wheat,1,177.09013672907,41.3545068364535
vegetable,6,191.25549821475403,47.0627749107377
wheat,7,194.2931958218875,50.21465979109438
tomatoes,5,90.01790873864324,42.00089543693216
apples,10,52.332904956773326,115.11664524783866
tomatoes,12,231.61542877825121,34.080771438912564
tomatoes,4,74.79452489680398,41.2397262448402
apples,2,101.00890865722471,87.55044543286124
apples,5,233.2678240074187,104.16339120037094
vegetable,11,97.00618365385404,42.350309182692705
tomatoes,9,188.55662853300416,37.92783142665021
mangoes,10,240.24769000702346,148.51238450035117
mangoes,12,236.43344568280804,124.3216722841404
mangoes,9,289.5183700298451,150.97591850149226
tomatoes,4,131.7329040845198,44.08664520422599
potatoes,7,167.57976352544642,24.878988176272323
potatoes,5,81.17851422784761,16.55892571139238
vegetable,4,230.51773455068425,49.025886727534214
mangoes,3,84.45572478980885,92.72278623949045
mangoes,5,50.46997088122766,91.02349854406138
vegetable,5,57.267845085988434,40.36339225429942
mangoes,4,95.3298199813763,93.26649099906882
wheat,4,150.581781171639,40.02908905858195
vegetable,4,177.5274281247063,46.376371406235315
potatoes,8,76.03433948007186,20.301716974003593
apples,7,225.7358602446692,123.78679301223346
mangoes,8,219.11698430659055,147.45584921532952
apples,3,117.45518003205359,98.37275900160267
corn,3,174.5639205658634,21.22819602829317
mangoes,3,64.6377323109948,91.73188661554974
wheat,12,246.2242442778669,44.81121221389334
mangoes,5,247.15374116810162,100.85768705840508
potatoes,4,80.59418933129449,16.529709466564725
tomatoes,7,108.96439978592177,33.94821998929609
vegetable,4,65.63555672434211,40.7817778362171
corn,11,241.64713099291083,24.582356549645542
tomatoes,12,124.86087762297167,28.743043881148584
tomatoes,1,209.38831611755745,32.96941580587787
corn,11,221.47781776246592,23.573890888123294
vegetable,12,145.958237983261,44.79791189916305
tomatoes,10,196.94234021554956,38.34711701077748
tomatoes,4,140.5588604130721,44.5279430206536
apples,3,56.5491771330162,95.32745885665081
tomatoes,6,118.2677024932031,43.41338512466015
tomatoes,11,124.68139339719326,28.734069669859664
wheat,3,114.82418971644344,38.241209485822175
mangoes,10,268.18256262115045,149.9091281310575
wheat,5,170.2265001882674,41.01132500941337
wheat,10,284.3383235539661,54.71691617769831
corn,6,207.7926614891766,22.88963307445883
mangoes,7,275.9783325650937,150.2989166282547
potatoes,1,245.0532658575256,24.752663292876278
corn,6,64.32006276940584,15.716003138470292
mangoes,12,82.83735203622668,116.64186760181133
tomatoes,4,214.23878906678488,48.21193945333924
corn,5,67.2395040891053,15.861975204455264
corn,10,120.54676867330004,22.527338433665
corn,7,111.74469976799996,22.0872349884
corn,8,293.708663195278,31.1854331597639
mangoes,10,261.19735907150533,149.55986795357526
mangoes,12,89.095451100862,116.95477255504309
corn,8,61.62514661001637,19.58125733050082
apples,10,190.4982118667017,122.02491059333508
wheat,4,128.79738027433976,38.93986901371699
potatoes,7,71.60615269063662,20.08030763453183
vegetable,2,233.11218295952244,49.15560914797612
potatoes,4,81.9970521333966,16.599852606669828
vegetable,5,63.064469821505945,40.653223491075295
corn,8,115.03944774051278,22.25197238702564
tomatoes,5,295.3242726243117,52.266213631215585
apples,5,213.54365036851863,103.17718251842594
apples,5,191.33256364290247,102.06662818214512
potatoes,3,293.00133240788426,27.150066620394213
corn,9,95.75386105868179,21.287693052934088
tomatoes,2,230.00200991577827,34.000100495788914
vegetable,10,72.21006127189109,50.11050306359456
mangoes,7,186.27638206517491,145.81381910325874
wheat,2,150.99446908163705,40.04972345408185
potatoes,9,247.92499711333792,28.896249855666895
tomatoes,1,203.2250402154873,32.66125201077436
mangoes,6,261.72968202213997,101.586484101107
apples,5,85.23990688044232,96.76199534402211
mangoes,9,217.25558433227707,147.36277921661386
apples,3,212.74336678773855,103.13716833938693
mangoes,12,65.5682764704714,115.77841382352356
mangoes,12,138.99334344871318,119.44966717243565
potatoes,3,246.56954984600827,24.828477492300415
vegetable,5,91.17658835807397,42.058829417903695
vegetable,4,239.18787642215875,49.45939382110794
mangoes,8,81.56344569815336,140.57817228490768
vegetable,6,90.40495282146786,42.0202476410734
mangoes,11,286.65948854990177,126.83297442749509
apples,12,243.0031190774976,94.65015595387487
vegetable,2,66.30114781512302,40.81505739075615
mangoes,3,277.30505146539,102.3652525732695
tomatoes,10,174.45312700857255,37.22265635042863
mangoes,7,214.1950261810735,147.20975130905367
tomatoes,11,145.10500187689058,29.75525009384453
potatoes,5,291.1191634752029,27.055958173760146
corn,10,73.50902610856659,20.17545130542833
corn,12,239.37047119735433,24.468523559867716
wheat,5,128.0872754713784,38.90436377356892
tomatoes,8,180.04763081288863,37.50238154064443
corn,4,189.45504798230036,21.972752399115016
apples,7,203.36828465979409,122.6684142329897
wheat,3,274.29658524115473,46.214829262057734
potatoes,8,176.76277596636027,25.338138798318013
corn,1,58.34590044659531,15.417295022329764
wheat,12,255.09437686224334,45.254718843112165
wheat,4,249.6483180956878,44.98241590478439
mangoes,6,264.21848401877355,101.71092420093868
tomatoes,12,234.93258302138514,34.24662915106926
vegetable,1,154.44024481877491,45.222012240938746
vegetable,5,216.97999970090677,48.34899998504534
wheat,2,91.48872382394624,37.074436191197314
mangoes,10,156.87242198015377,144.3436210990077
vegetable,11,221.71524941875725,48.585762470937865
potatoes,1,57.34103977559808,15.367051988779902
corn,2,102.43823692092035,17.621911846046018
mangoes,5,293.3643474940433,103.16821737470217
corn,9,254.76587846541403,29.238293923270703
apples,6,227.56069965582788,103.87803498279139
corn,9,167.79197473320366,24.889598736660183
vegetable,12,164.81629929330347,45.74081496466518
wheat,8,173.55311181257497,49.177655590628746
potatoes,12,133.80201184271817,19.19010059213591
apples,5,78.23580210279339,96.41179010513967
apples,1,109.96852818898618,87.99842640944931
corn,2,136.98535289554167,19.349267644777083
vegetable,2,237.20658424082663,49.36032921204133
tomatoes,7,205.2321418696078,38.76160709348039
mangoes,1,260.36188827118997,125.5180944135595
potatoes,11,208.5355345739342,22.92677672869671
corn,2,131.27600385792474,19.063800192896238
corn,7,91.78300286780531,21.089150143390263
corn,12,297.93565429195974,27.396782714597986
vegetable,7,69.26950298786517,49.96347514939326
potatoes,4,266.5966285628355,25.829831428141777
vegetable,6,140.09445498258688,44.50472274912934
wheat,3,240.78882281472235,44.539441140736116
wheat,4,284.57620461212065,46.72881023060603
corn,1,241.51619413382565,24.57580970669128
potatoes,12,216.2462258689988,23.31231129344994
apples,3,276.79875767645746,106.33993788382287
potatoes,11,190.11015774510997,22.005507887255497
potatoes,2,161.76388595160637,20.58819429758032
mangoes,4,145.40298496680003,95.77014924834
mangoes,3,153.1902823165065,96.15951411582533
vegetable,11,155.63710707798614,45.28185535389931
tomatoes,8,234.97603019173258,40.24880150958663
apples,6,120.00933238762236,98.50046661938111
tomatoes,3,293.19408072302144,52.15970403615107
potatoes,10,224.82884378155092,27.741442189077546
corn,4,295.44967331515693,27.272483665757846
mangoes,9,126.18777384653333,142.80938869232668
vegetable,9,120.38029960373248,52.519014980186626
vegetable,4,78.14509760298425,41.40725488014921
mangoes,5,185.17461916122758,97.75873095806138
tomatoes,9,53.1010090693287,31.155050453466433
corn,9,256.13370202175804,29.3066851010879
wheat,3,106.58787358537148,37.82939367926858
mangoes,9,62.03570899458836,139.60178544972942
